{"noncvx_sbmiqp.calc_time":{"4stufen":300.0,"autocorr_bern20-05":0.0399759905,"autocorr_bern20-10":0.2069929782,"autocorr_bern20-15":0.4384409999,"autocorr_bern25-06":0.0779213849,"autocorr_bern25-13":0.3647350278,"autocorr_bern25-19":0.8966504652,"autocorr_bern25-25":0.9820768498,"autocorr_bern30-04":0.0515699172,"autocorr_bern30-08":0.2038882244,"autocorr_bern30-15":0.8207053244,"autocorr_bern30-23":1.7344303597,"autocorr_bern30-30":1.7974214256,"autocorr_bern35-04":0.0481718546,"autocorr_bern35-09":0.4356293119,"autocorr_bern35-18":2.4165541455,"autocorr_bern35-26":2.6641312912,"autocorr_bern35-35fix":3.7139108311,"autocorr_bern40-05":0.064432703,"autocorr_bern40-10":0.289534268,"autocorr_bern40-20":2.1959620928,"autocorr_bern40-30":4.1154724546,"autocorr_bern40-40":4.664504935,"autocorr_bern45-05":0.0784148369,"autocorr_bern45-11":0.6525099296,"autocorr_bern45-23":3.788526386,"autocorr_bern45-34":6.6853428893,"autocorr_bern45-45":7.021726096,"autocorr_bern50-06":0.1450787857,"autocorr_bern50-13":1.4347961601,"autocorr_bern50-25":4.280957507,"autocorr_bern50-38":10.636982196,"autocorr_bern50-50":10.369604147,"autocorr_bern55-06":0.2607745733,"autocorr_bern55-14":1.7529386589,"autocorr_bern55-28":8.2187562427,"autocorr_bern55-41":13.1376279946,"autocorr_bern55-55":16.3122629942,"autocorr_bern60-08":0.4547502361,"autocorr_bern60-15":2.3626376297,"autocorr_bern60-30":7.5646577645,"autocorr_bern60-45":17.7448323509,"autocorr_bern60-60":23.6131322971,"batch0812_nc":0.7689247597,"batch_nc":0.0644325465,"beuster":300.0,"casctanks":8.2041043034,"case_1scv2":300.0,"cecil_13":17.9743781155,"chp_partload":300.0,"chp_shorttermplan1a":258.5178948427,"chp_shorttermplan1b":300.0,"chp_shorttermplan2a":300.0,"chp_shorttermplan2b":300.0,"chp_shorttermplan2c":300.0,"chp_shorttermplan2d":300.0,"contvar":300.0,"csched1":0.2294225022,"csched1a":0.0304867895,"csched2":300.0,"csched2a":92.921575007,"deb10":0.5096769659,"deb6":16.8803955745,"deb7":300.0,"deb8":288.5162057979,"deb9":300.0,"eg_all_s":40.5812748279,"eg_disc2_s":32.6315414263,"eg_disc_s":19.2360126209,"eg_int_s":212.6603992125,"eniplac":300.0,"ex1221":0.0219459934,"ex1222":0.0228531566,"ex1224":0.0407154681,"ex1225":0.0250381622,"ex1226":0.0178383673,"ex1233":0.4471543944,"ex1243":0.4531663414,"ex1244":1.4155836748,"ex1252":0.5052291797,"ex1252a":0.241541842,"ex3pb":0.3800043352,"feedtray":0.2406095508,"fin2bb":23.4224402113,"fuzzy":300.0,"gams02":300.0,"gams04":300.0,"gasnet":300.0,"gastrans":0.305219451,"gastrans040":1.3912679683,"gastrans135":75.9154253677,"gastrans582_cold13":300.0,"gastrans582_cold13_95":300.0,"gastrans582_cold17":300.0,"gastrans582_cold17_95":300.0,"gastrans582_cool12":300.0,"gastrans582_cool12_95":300.0,"gastrans582_cool14":300.0,"gastrans582_cool14_95":300.0,"gastrans582_freezing27":300.0,"gastrans582_freezing27_95":300.0,"gastrans582_freezing30":300.0,"gastrans582_freezing30_95":300.0,"gastrans582_mild10":300.0,"gastrans582_mild10_95":300.0,"gastrans582_mild11":300.0,"gastrans582_mild11_95":300.0,"gastrans582_warm15":300.0,"gastrans582_warm15_95":300.0,"gastrans582_warm31":300.0,"gastrans582_warm31_95":300.0,"gear4":0.1586614856,"ghg_1veh":0.048744889,"ghg_2veh":0.2035100749,"ghg_3veh":1.31642198,"gkocis":0.0436632372,"hadamard_4":0.0120458361,"hadamard_5":0.0178370345,"hadamard_6":0.0866761496,"hadamard_7":0.8220311776,"hadamard_8":10.3263462996,"hadamard_9":300.0,"hda":300.0,"heatexch_gen1":4.9887040462,"heatexch_gen2":300.0,"heatexch_gen3":300.0,"heatexch_spec1":0.3097637044,"heatexch_spec2":0.669841446,"heatexch_spec3":300.0,"heatexch_trigen":300.0,"hybriddynamic_var":0.2214713832,"johnall":3.0594066968,"kan_peaks_h1_n2_g24":15.1148027731,"kan_peaks_h1_n2_g3":1.1458253544,"kan_peaks_h1_n5":49.5959498556,"kan_r3_h1_n3":19.6965660108,"kan_r3_h1_n4":300.0,"kan_r3_h1_n5":300.0,"kan_r3_h1_n9":104.6958279517,"kan_r5_h1_n3":17.8268485703,"kan_r5_h1_n5":30.3974421183,"kan_r5_h1_n8":66.676129113,"kport20":300.0,"kport40":4.4122155439,"lip":0.2802066822,"mbtd":234.5611689221,"milinfract":300.0,"multiplants_mtg1a":4.3877289789,"multiplants_mtg1b":11.7011347329,"multiplants_mtg1c":5.0453440221,"multiplants_mtg2":3.9493573979,"multiplants_mtg5":18.8900532322,"multiplants_mtg6":88.6257158667,"multiplants_stg1":115.3712121965,"multiplants_stg1a":213.9116707854,"multiplants_stg1b":59.1070629079,"multiplants_stg1c":50.6844678847,"multiplants_stg5":97.1092724623,"multiplants_stg6":114.5158689236,"nvs01":0.0437488994,"nvs05":0.3695284231,"nvs08":0.0300368164,"nvs21":0.0587973325,"nvs22":0.0856725825,"oaer":300.0,"oil":300.0,"oil2":300.0,"ortez":300.0,"parallel":1.8837330258,"pooling_epa1":1.979545393,"pooling_epa2":20.0813750932,"pooling_epa3":55.7955236984,"primary":300.0,"procsel":0.0198712191,"saa_2":300.0,"sepasequ_complex":59.0313611683,"sepasequ_convent":19.6484317072,"sfacloc1_2_80":5.0238826172,"sfacloc1_2_90":0.9678114466,"sfacloc1_2_95":0.7811812628,"sfacloc1_3_80":8.6224611439,"sfacloc1_3_90":1.6218531569,"sfacloc1_3_95":1.3803057391,"sfacloc1_4_80":23.8579407074,"sfacloc1_4_90":2.6371014519,"sfacloc1_4_95":3.1111429362,"sfacloc2_2_80":4.2908624671,"sfacloc2_2_90":1.1343647037,"sfacloc2_2_95":0.8250599112,"sfacloc2_3_80":6.7247116175,"sfacloc2_3_90":2.1833581338,"sfacloc2_3_95":4.3589521749,"sfacloc2_4_80":11.1431210358,"sfacloc2_4_90":6.1117793825,"sfacloc2_4_95":3.5334398923,"spring":0.1828114409,"st_e15":0.0188274728,"st_e29":0.0404669717,"st_e32":0.2269453434,"st_e35":300.0,"st_e36":0.0458990494,"st_e38":0.018456758,"st_e40":300.0,"super3t":300.0,"supplychainp1_020306":0.8797077909,"supplychainp1_022020":122.0394907715,"supplychainp1_030510":8.2915889407,"supplychainp1_053050":300.0,"supplychainr1_020306":1.4303917484,"supplychainr1_022020":300.0,"supplychainr1_030510":2.4441765444,"supplychainr1_053050":300.0,"synheat":0.5453284876,"tanksize":0.2026511654,"transswitch0009p":300.0,"transswitch0009r":300.0,"transswitch0014p":0.5181985227,"transswitch0014r":300.0,"transswitch0030p":2.3761732383,"transswitch0030r":300.0,"transswitch0039p":2.9674531687,"transswitch0039r":300.0,"transswitch0057p":300.0,"transswitch0057r":300.0,"transswitch0118p":21.468583025,"transswitch0118r":300.0,"transswitch0300p":300.0,"transswitch0300r":300.0,"transswitch2383wpp":300.0,"transswitch2383wpr":300.0,"transswitch2736spp":300.0,"transswitch2736spr":300.0,"tspn05":0.0540133286,"tspn08":0.5203105742,"tspn10":0.1291232957,"tspn12":0.3270153273,"tspn15":2.6893770751,"unitcommit2":300.0,"uselinear":300.0,"var_con10":11.3505328977,"var_con5":20.1796939326,"wager":300.0,"wastepaper3":1.1516678426,"wastepaper4":1.4598603006,"wastepaper5":2.5594460731,"wastepaper6":7.0878919773,"water3":300.0,"water4":300.0,"waterful2":300.0,"waternd1":0.5129681379,"waternd2":2.0837163012,"waterno2_01":0.4969397681,"waterno2_02":4.3117893813,"waterno2_03":9.1741385758,"waterno2_04":25.116089344,"waterno2_06":249.2097098278,"waterno2_09":300.0,"waterno2_12":300.0,"waterno2_18":300.0,"waterno2_24":300.0,"waters":300.0,"watersbp":300.0,"watersym1":300.0,"watersym2":300.0,"watertreatnd_conc":300.0,"watertreatnd_flow":300.0,"waterx":0.2470344836,"waterz":300.0,"windfac":300.0}}